experiment_id,timestamp,seed,number_of_users,strategy,total_bandwidth,total_allocated,utilization_percentage,jain_fairness_index,average_utility,latency_ms,jitter_ms,repetition,computational_time,convergence_iterations,converged,is_nash_equilibrium,data_source
exp_42_5_equal_1,2026-09-01T13:22:29.815229,42,5,equal,100.0,43.51,43.51,0.8536,0.3838,16.95,1.13,1,0.0002,,,,SIMULATION
exp_42_5_equal_2,2026-09-01T13:22:29.815366,43,5,equal,100.0,57.93,57.93,0.8118,-1.0786,8.54,4.48,2,0.0001,,,,SIMULATION
exp_42_5_equal_3,2026-09-01T13:22:29.815472,44,5,equal,100.0,37.12,37.12,0.6829,0.7262,13.72,3.71,3,0.0001,,,,SIMULATION
exp_42_5_equal_4,2026-09-01T13:22:29.815564,45,5,equal,100.0,48.12,48.12,0.836,-0.2616,11.81,3.44,4,0.0001,,,,SIMULATION
exp_42_5_equal_5,2026-09-01T13:22:29.815655,46,5,equal,100.0,49.63,49.63,0.7262,-0.3637,20.44,3.0,5,0.0001,,,,SIMULATION
exp_42_5_equal_6,2026-09-01T13:22:29.815764,47,5,equal,100.0,56.9,56.9,0.8492,-0.8337,12.93,3.15,6,0.0001,,,,SIMULATION
exp_42_5_equal_7,2026-09-01T13:22:29.815850,48,5,equal,100.0,77.88,77.88,0.9623,-3.292,15.67,1.66,7,0.0001,,,,SIMULATION
exp_42_5_equal_8,2026-09-01T13:22:29.815939,49,5,equal,100.0,44.1,44.1,0.7039,0.1514,8.94,3.07,8,0.0001,,,,SIMULATION
exp_42_5_equal_9,2026-09-01T13:22:29.816062,50,5,equal,100.0,61.14,61.14,0.8655,-1.3724,14.97,2.33,9,0.0001,,,,SIMULATION
exp_42_5_equal_10,2026-09-01T13:22:29.816187,51,5,equal,100.0,76.17,76.17,0.9758,-3.1139,11.41,3.51,10,0.0001,,,,SIMULATION
exp_42_5_proportional_1,2026-09-01T13:22:29.816288,42,5,proportional,100.0,43.51,43.51,0.8536,0.3838,16.95,1.13,1,0.0001,,,,SIMULATION
exp_42_5_proportional_2,2026-09-01T13:22:29.816379,43,5,proportional,100.0,57.93,57.93,0.8118,-1.0786,8.54,4.48,2,0.0001,,,,SIMULATION
exp_42_5_proportional_3,2026-09-01T13:22:29.816470,44,5,proportional,100.0,37.12,37.12,0.6829,0.7262,13.72,3.71,3,0.0001,,,,SIMULATION
exp_42_5_proportional_4,2026-09-01T13:22:29.816579,45,5,proportional,100.0,48.12,48.12,0.836,-0.2616,11.81,3.44,4,0.0001,,,,SIMULATION
exp_42_5_proportional_5,2026-09-01T13:22:29.816686,46,5,proportional,100.0,51.37,51.37,0.7028,-0.527,20.44,3.0,5,0.0001,,,,SIMULATION
exp_42_5_proportional_6,2026-09-01T13:22:29.816795,47,5,proportional,100.0,56.9,56.9,0.8492,-0.8337,12.93,3.15,6,0.0001,,,,SIMULATION
exp_42_5_proportional_7,2026-09-01T13:22:29.816886,48,5,proportional,100.0,82.11,82.11,0.9315,-3.9371,15.67,1.66,7,0.0001,,,,SIMULATION
exp_42_5_proportional_8,2026-09-01T13:22:29.817006,49,5,proportional,100.0,44.33,44.33,0.6996,0.133,8.94,3.07,8,0.0001,,,,SIMULATION
exp_42_5_proportional_9,2026-09-01T13:22:29.817136,50,5,proportional,100.0,63.69,63.69,0.8344,-1.6849,14.97,2.33,9,0.0001,,,,SIMULATION
exp_42_5_proportional_10,2026-09-01T13:22:29.817338,51,5,proportional,100.0,76.17,76.17,0.9758,-3.1139,11.41,3.51,10,0.0002,,,,SIMULATION
exp_42_5_priority_1,2026-09-01T13:22:29.817567,42,5,priority,100.0,100.0,100.0,0.9686,-7.3055,16.95,1.13,1,0.0002,,,,SIMULATION
exp_42_5_priority_2,2026-09-01T13:22:29.817744,43,5,priority,100.0,100.0,100.0,0.9278,-7.5267,8.54,4.48,2,0.0001,,,,SIMULATION
exp_42_5_priority_3,2026-09-01T13:22:29.817910,44,5,priority,100.0,100.0,100.0,0.9399,-7.4247,13.72,3.71,3,0.0001,,,,SIMULATION
exp_42_5_priority_4,2026-09-01T13:22:29.818070,45,5,priority,100.0,100.0,100.0,0.9565,-7.996,11.81,3.44,4,0.0001,,,,SIMULATION
exp_42_5_priority_5,2026-09-01T13:22:29.818231,46,5,priority,100.0,100.0,100.0,0.9334,-7.6758,20.44,3.0,5,0.0001,,,,SIMULATION
exp_42_5_priority_6,2026-09-01T13:22:29.818415,47,5,priority,100.0,100.0,100.0,0.9657,-7.4562,12.93,3.15,6,0.0001,,,,SIMULATION
exp_42_5_priority_7,2026-09-01T13:22:29.818584,48,5,priority,100.0,100.0,100.0,0.9863,-7.1011,15.67,1.66,7,0.0001,,,,SIMULATION
exp_42_5_priority_8,2026-09-01T13:22:29.818747,49,5,priority,100.0,100.0,100.0,0.9304,-7.3596,8.94,3.07,8,0.0001,,,,SIMULATION
exp_42_5_priority_9,2026-09-01T13:22:29.818903,50,5,priority,100.0,100.0,100.0,0.9671,-7.7096,14.97,2.33,9,0.0001,,,,SIMULATION
exp_42_5_priority_10,2026-09-01T13:22:29.819058,51,5,priority,100.0,100.0,100.0,0.9858,-7.2864,11.41,3.51,10,0.0001,,,,SIMULATION
exp_42_5_max_min_fairness_1,2026-09-01T13:22:29.819220,42,5,max_min_fairness,100.0,43.51,43.51,0.8536,0.3838,16.95,1.13,1,0.0001,,,,SIMULATION
exp_42_5_max_min_fairness_2,2026-09-01T13:22:29.819405,43,5,max_min_fairness,100.0,57.93,57.93,0.8118,-1.0786,8.54,4.48,2,0.0002,,,,SIMULATION
exp_42_5_max_min_fairness_3,2026-09-01T13:22:29.819525,44,5,max_min_fairness,100.0,37.12,37.12,0.6829,0.7262,13.72,3.71,3,0.0001,,,,SIMULATION
exp_42_5_max_min_fairness_4,2026-09-01T13:22:29.819627,45,5,max_min_fairness,100.0,48.12,48.12,0.836,-0.2616,11.81,3.44,4,0.0001,,,,SIMULATION
exp_42_5_max_min_fairness_5,2026-09-01T13:22:29.819760,46,5,max_min_fairness,100.0,51.37,51.37,0.7028,-0.527,20.44,3.0,5,0.0001,,,,SIMULATION
exp_42_5_max_min_fairness_6,2026-09-01T13:22:29.819893,47,5,max_min_fairness,100.0,56.9,56.9,0.8492,-0.8337,12.93,3.15,6,0.0001,,,,SIMULATION
exp_42_5_max_min_fairness_7,2026-09-01T13:22:29.819991,48,5,max_min_fairness,100.0,82.11,82.11,0.9315,-3.9371,15.67,1.66,7,0.0001,,,,SIMULATION
exp_42_5_max_min_fairness_8,2026-09-01T13:22:29.820096,49,5,max_min_fairness,100.0,44.33,44.33,0.6996,0.133,8.94,3.07,8,0.0001,,,,SIMULATION
exp_42_5_max_min_fairness_9,2026-09-01T13:22:29.820244,50,5,max_min_fairness,100.0,63.69,63.69,0.8344,-1.6849,14.97,2.33,9,0.0001,,,,SIMULATION
exp_42_5_max_min_fairness_10,2026-09-01T13:22:29.820377,51,5,max_min_fairness,100.0,76.17,76.17,0.9758,-3.1139,11.41,3.51,10,0.0001,,,,SIMULATION
exp_42_5_alpha_fair_1,2026-09-01T13:22:29.820530,42,5,alpha_fair,100.0,43.51,43.51,0.8536,0.3838,16.95,1.13,1,0.0001,,,,SIMULATION
exp_42_5_alpha_fair_2,2026-09-01T13:22:29.820654,43,5,alpha_fair,100.0,57.93,57.93,0.8118,-1.0786,8.54,4.48,2,0.0001,,,,SIMULATION
exp_42_5_alpha_fair_3,2026-09-01T13:22:29.820784,44,5,alpha_fair,100.0,37.12,37.12,0.6829,0.7262,13.72,3.71,3,0.0001,,,,SIMULATION
exp_42_5_alpha_fair_4,2026-09-01T13:22:29.820878,45,5,alpha_fair,100.0,48.12,48.12,0.836,-0.2616,11.81,3.44,4,0.0001,,,,SIMULATION
exp_42_5_alpha_fair_5,2026-09-01T13:22:29.820969,46,5,alpha_fair,100.0,51.37,51.37,0.7028,-0.527,20.44,3.0,5,0.0001,,,,SIMULATION
exp_42_5_alpha_fair_6,2026-09-01T13:22:29.821082,47,5,alpha_fair,100.0,56.9,56.9,0.8492,-0.8337,12.93,3.15,6,0.0001,,,,SIMULATION
exp_42_5_alpha_fair_7,2026-09-01T13:22:29.821171,48,5,alpha_fair,100.0,82.11,82.11,0.9315,-3.9371,15.67,1.66,7,0.0001,,,,SIMULATION
exp_42_5_alpha_fair_8,2026-09-01T13:22:29.821260,49,5,alpha_fair,100.0,44.33,44.33,0.6996,0.133,8.94,3.07,8,0.0001,,,,SIMULATION
exp_42_5_alpha_fair_9,2026-09-01T13:22:29.821356,50,5,alpha_fair,100.0,63.69,63.69,0.8344,-1.6849,14.97,2.33,9,0.0001,,,,SIMULATION
exp_42_5_alpha_fair_10,2026-09-01T13:22:29.821446,51,5,alpha_fair,100.0,76.17,76.17,0.9758,-3.1139,11.41,3.51,10,0.0001,,,,SIMULATION
exp_42_5_game_theory_1,2026-09-01T13:22:29.822314,42,5,game_theory,100.0,28.5,28.5,0.8938,1.5674,16.95,1.13,1,0.0008,4,True,True,SIMULATION
exp_42_5_game_theory_2,2026-09-01T13:22:29.823081,43,5,game_theory,100.0,29.5,29.5,0.9603,1.5399,8.54,4.48,2,0.0007,3,True,True,SIMULATION
exp_42_5_game_theory_3,2026-09-01T13:22:29.823627,44,5,game_theory,100.0,26.5,26.5,0.8577,1.6506,13.72,3.71,3,0.0005,3,True,True,SIMULATION
exp_42_5_game_theory_4,2026-09-01T13:22:29.826626,45,5,game_theory,100.0,29.5,29.5,0.9932,1.6776,11.81,3.44,4,0.0029,4,True,True,SIMULATION
exp_42_5_game_theory_5,2026-09-01T13:22:29.829046,46,5,game_theory,100.0,27.5,27.5,0.8806,1.5176,20.44,3.0,5,0.0023,4,True,True,SIMULATION
exp_42_5_game_theory_6,2026-09-01T13:22:29.832255,47,5,game_theory,100.0,29.5,29.5,0.9847,1.4927,12.93,3.15,6,0.0031,4,True,True,SIMULATION
exp_42_5_game_theory_7,2026-09-01T13:22:29.835953,48,5,game_theory,100.0,29.5,29.5,0.9903,1.4533,15.67,1.66,7,0.0034,4,True,True,SIMULATION
exp_42_5_game_theory_8,2026-09-01T13:22:29.837021,49,5,game_theory,100.0,27.0,27.0,0.972,1.2797,8.94,3.07,8,0.001,3,True,True,SIMULATION
exp_42_5_game_theory_9,2026-09-01T13:22:29.838238,50,5,game_theory,100.0,31.5,31.5,0.996,1.7136,14.97,2.33,9,0.0012,4,True,True,SIMULATION
exp_42_5_game_theory_10,2026-09-01T13:22:29.840249,51,5,game_theory,100.0,31.5,31.5,0.9861,1.7197,11.41,3.51,10,0.002,4,True,True,SIMULATION
exp_42_10_equal_1,2026-09-01T13:22:29.840919,42,10,equal,100.0,83.16,83.16,0.9016,-1.1497,16.95,1.13,1,0.0006,,,,SIMULATION
exp_42_10_equal_2,2026-09-01T13:22:29.843672,43,10,equal,100.0,88.73,88.73,0.9512,-1.6432,8.54,4.48,2,0.0027,,,,SIMULATION
exp_42_10_equal_3,2026-09-01T13:22:29.843900,44,10,equal,100.0,80.28,80.28,0.8952,-1.1065,13.72,3.71,3,0.0002,,,,SIMULATION
exp_42_10_equal_4,2026-09-01T13:22:29.845052,45,10,equal,100.0,78.39,78.39,0.9246,-0.9623,11.81,3.44,4,0.0011,,,,SIMULATION
exp_42_10_equal_5,2026-09-01T13:22:29.845330,46,10,equal,100.0,81.37,81.37,0.9003,-1.3987,20.44,3.0,5,0.0002,,,,SIMULATION
exp_42_10_equal_6,2026-09-01T13:22:29.845570,47,10,equal,100.0,86.27,86.27,0.9528,-1.5499,12.93,3.15,6,0.0002,,,,SIMULATION
exp_42_10_equal_7,2026-09-01T13:22:29.845715,48,10,equal,100.0,88.4,88.4,0.9592,-1.4869,15.67,1.66,7,0.0001,,,,SIMULATION
exp_42_10_equal_8,2026-09-01T13:22:29.845831,49,10,equal,100.0,81.14,81.14,0.9377,-1.0957,8.94,3.07,8,0.0001,,,,SIMULATION
exp_42_10_equal_9,2026-09-01T13:22:29.845941,50,10,equal,100.0,91.08,91.08,0.9837,-1.8762,14.97,2.33,9,0.0001,,,,SIMULATION
exp_42_10_equal_10,2026-09-01T13:22:29.846063,51,10,equal,100.0,100.0,100.0,1.0,-2.5711,11.41,3.51,10,0.0001,,,,SIMULATION
exp_42_10_proportional_1,2026-09-01T13:22:29.846237,42,10,proportional,100.0,100.0,100.0,0.7951,-2.6027,16.95,1.13,1,0.0001,,,,SIMULATION
exp_42_10_proportional_2,2026-09-01T13:22:29.846355,43,10,proportional,100.0,100.0,100.0,0.8273,-2.6745,8.54,4.48,2,0.0001,,,,SIMULATION
exp_42_10_proportional_3,2026-09-01T13:22:29.846466,44,10,proportional,100.0,100.0,100.0,0.7675,-2.8527,13.72,3.71,3,0.0001,,,,SIMULATION
exp_42_10_proportional_4,2026-09-01T13:22:29.846593,45,10,proportional,100.0,94.6,94.6,0.8119,-2.3949,11.81,3.44,4,0.0001,,,,SIMULATION
exp_42_10_proportional_5,2026-09-01T13:22:29.846766,46,10,proportional,100.0,100.0,100.0,0.794,-3.0631,20.44,3.0,5,0.0001,,,,SIMULATION
exp_42_10_proportional_6,2026-09-01T13:22:29.846992,47,10,proportional,100.0,100.0,100.0,0.8333,-2.7743,12.93,3.15,6,0.0002,,,,SIMULATION
exp_42_10_proportional_7,2026-09-01T13:22:29.847134,48,10,proportional,100.0,100.0,100.0,0.8326,-2.5555,15.67,1.66,7,0.0001,,,,SIMULATION
exp_42_10_proportional_8,2026-09-01T13:22:29.847252,49,10,proportional,100.0,100.0,100.0,0.8206,-2.6843,8.94,3.07,8,0.0001,,,,SIMULATION
exp_42_10_proportional_9,2026-09-01T13:22:29.847402,50,10,proportional,100.0,100.0,100.0,0.8665,-2.7162,14.97,2.33,9,0.0001,,,,SIMULATION
exp_42_10_proportional_10,2026-09-01T13:22:29.847521,51,10,proportional,100.0,100.0,100.0,0.9501,-2.5593,11.41,3.51,10,0.0001,,,,SIMULATION
exp_42_10_priority_1,2026-09-01T13:22:29.847692,42,10,priority,100.0,100.0,100.0,0.9234,-2.5538,16.95,1.13,1,0.0001,,,,SIMULATION
exp_42_10_priority_2,2026-09-01T13:22:29.848042,43,10,priority,100.0,100.0,100.0,0.9052,-2.7125,8.54,4.48,2,0.0003,,,,SIMULATION
exp_42_10_priority_3,2026-09-01T13:22:29.848372,44,10,priority,100.0,100.0,100.0,0.9054,-2.815,13.72,3.71,3,0.0003,,,,SIMULATION
exp_42_10_priority_4,2026-09-01T13:22:29.848771,45,10,priority,100.0,100.0,100.0,0.9246,-2.8057,11.81,3.44,4,0.0003,,,,SIMULATION
exp_42_10_priority_5,2026-09-01T13:22:29.849091,46,10,priority,100.0,100.0,100.0,0.8868,-3.0843,20.44,3.0,5,0.0003,,,,SIMULATION
exp_42_10_priority_6,2026-09-01T13:22:29.849375,47,10,priority,100.0,100.0,100.0,0.9384,-2.7794,12.93,3.15,6,0.0002,,,,SIMULATION
exp_42_10_priority_7,2026-09-01T13:22:29.849646,48,10,priority,100.0,100.0,100.0,0.9474,-2.5288,15.67,1.66,7,0.0002,,,,SIMULATION
exp_42_10_priority_8,2026-09-01T13:22:29.849928,49,10,priority,100.0,100.0,100.0,0.9491,-2.6696,8.94,3.07,8,0.0002,,,,SIMULATION
exp_42_10_priority_9,2026-09-01T13:22:29.850202,50,10,priority,100.0,100.0,100.0,0.963,-2.7335,14.97,2.33,9,0.0002,,,,SIMULATION
exp_42_10_priority_10,2026-09-01T13:22:29.850484,51,10,priority,100.0,100.0,100.0,0.9723,-2.639,11.41,3.51,10,0.0002,,,,SIMULATION
exp_42_10_max_min_fairness_1,2026-09-01T13:22:29.850733,42,10,max_min_fairness,100.0,100.0,100.0,0.8673,-2.5751,16.95,1.13,1,0.0002,,,,SIMULATION
exp_42_10_max_min_fairness_2,2026-09-01T13:22:29.851114,43,10,max_min_fairness,100.0,100.0,100.0,0.9335,-2.6506,8.54,4.48,2,0.0004,,,,SIMULATION
exp_42_10_max_min_fairness_3,2026-09-01T13:22:29.851358,44,10,max_min_fairness,100.0,100.0,100.0,0.8408,-2.8331,13.72,3.71,3,0.0002,,,,SIMULATION
exp_42_10_max_min_fairness_4,2026-09-01T13:22:29.851571,45,10,max_min_fairness,100.0,94.6,94.6,0.8119,-2.3949,11.81,3.44,4,0.0002,,,,SIMULATION
exp_42_10_max_min_fairness_5,2026-09-01T13:22:29.851779,46,10,max_min_fairness,100.0,100.0,100.0,0.8247,-3.0696,20.44,3.0,5,0.0002,,,,SIMULATION
exp_42_10_max_min_fairness_6,2026-09-01T13:22:29.852118,47,10,max_min_fairness,100.0,100.0,100.0,0.9067,-2.7648,12.93,3.15,6,0.0003,,,,SIMULATION
exp_42_10_max_min_fairness_7,2026-09-01T13:22:29.852343,48,10,max_min_fairness,100.0,100.0,100.0,0.9374,-2.4986,15.67,1.66,7,0.0002,,,,SIMULATION
exp_42_10_max_min_fairness_8,2026-09-01T13:22:29.852662,49,10,max_min_fairness,100.0,100.0,100.0,0.8565,-2.6766,8.94,3.07,8,0.0003,,,,SIMULATION
exp_42_10_max_min_fairness_9,2026-09-01T13:22:29.852930,50,10,max_min_fairness,100.0,100.0,100.0,0.9594,-2.6924,14.97,2.33,9,0.0002,,,,SIMULATION
exp_42_10_max_min_fairness_10,2026-09-01T13:22:29.853138,51,10,max_min_fairness,100.0,100.0,100.0,1.0,-2.5711,11.41,3.51,10,0.0002,,,,SIMULATION
exp_42_10_alpha_fair_1,2026-09-01T13:22:29.853360,42,10,alpha_fair,100.0,100.0,100.0,0.7951,-2.6027,16.95,1.13,1,0.0002,,,,SIMULATION
exp_42_10_alpha_fair_2,2026-09-01T13:22:29.853564,43,10,alpha_fair,100.0,100.0,100.0,0.8273,-2.6745,8.54,4.48,2,0.0002,,,,SIMULATION
exp_42_10_alpha_fair_3,2026-09-01T13:22:29.853821,44,10,alpha_fair,100.0,100.0,100.0,0.7675,-2.8527,13.72,3.71,3,0.0002,,,,SIMULATION
exp_42_10_alpha_fair_4,2026-09-01T13:22:29.854059,45,10,alpha_fair,100.0,94.6,94.6,0.8119,-2.3949,11.81,3.44,4,0.0002,,,,SIMULATION
exp_42_10_alpha_fair_5,2026-09-01T13:22:29.854235,46,10,alpha_fair,100.0,100.0,100.0,0.794,-3.0631,20.44,3.0,5,0.0001,,,,SIMULATION
exp_42_10_alpha_fair_6,2026-09-01T13:22:29.854383,47,10,alpha_fair,100.0,100.0,100.0,0.8333,-2.7743,12.93,3.15,6,0.0001,,,,SIMULATION
exp_42_10_alpha_fair_7,2026-09-01T13:22:29.854503,48,10,alpha_fair,100.0,100.0,100.0,0.8326,-2.5555,15.67,1.66,7,0.0001,,,,SIMULATION
exp_42_10_alpha_fair_8,2026-09-01T13:22:29.854618,49,10,alpha_fair,100.0,100.0,100.0,0.8206,-2.6843,8.94,3.07,8,0.0001,,,,SIMULATION
exp_42_10_alpha_fair_9,2026-09-01T13:22:29.854730,50,10,alpha_fair,100.0,100.0,100.0,0.8665,-2.7162,14.97,2.33,9,0.0001,,,,SIMULATION
exp_42_10_alpha_fair_10,2026-09-01T13:22:29.854847,51,10,alpha_fair,100.0,100.0,100.0,0.9501,-2.5593,11.41,3.51,10,0.0001,,,,SIMULATION
exp_42_10_game_theory_1,2026-09-01T13:22:29.858773,42,10,game_theory,100.0,41.5,41.5,0.9528,1.1114,16.95,1.13,1,0.0039,4,True,True,SIMULATION
exp_42_10_game_theory_2,2026-09-01T13:22:29.862634,43,10,game_theory,100.0,42.5,42.5,0.9724,1.1163,8.54,4.48,2,0.0038,5,True,True,SIMULATION
exp_42_10_game_theory_3,2026-09-01T13:22:29.867001,44,10,game_theory,100.0,43.0,43.0,0.9556,1.2209,13.72,3.71,3,0.0043,5,True,True,SIMULATION
exp_42_10_game_theory_4,2026-09-01T13:22:29.870202,45,10,game_theory,100.0,44.0,44.0,0.9803,1.1996,11.81,3.44,4,0.0031,5,True,True,SIMULATION
exp_42_10_game_theory_5,2026-09-01T13:22:29.873085,46,10,game_theory,100.0,42.0,42.0,0.9383,1.1417,20.44,3.0,5,0.0028,4,True,True,SIMULATION
exp_42_10_game_theory_6,2026-09-01T13:22:29.879201,47,10,game_theory,100.0,41.5,41.5,0.9799,1.0841,12.93,3.15,6,0.006,4,True,True,SIMULATION
exp_42_10_game_theory_7,2026-09-01T13:22:29.882016,48,10,game_theory,100.0,42.5,42.5,0.975,1.1313,15.67,1.66,7,0.0027,3,True,True,SIMULATION
exp_42_10_game_theory_8,2026-09-01T13:22:29.885496,49,10,game_theory,100.0,40.5,40.5,0.9778,1.0366,8.94,3.07,8,0.0034,4,True,True,SIMULATION
exp_42_10_game_theory_9,2026-09-01T13:22:29.889182,50,10,game_theory,100.0,43.5,43.5,0.9817,1.195,14.97,2.33,9,0.0036,5,True,True,SIMULATION
exp_42_10_game_theory_10,2026-09-01T13:22:29.899586,51,10,game_theory,100.0,44.0,44.0,0.9878,1.2642,11.41,3.51,10,0.0103,4,True,True,SIMULATION
exp_42_20_equal_1,2026-09-01T13:22:29.900090,42,20,equal,100.0,95.95,95.95,0.9817,-0.3756,16.95,1.13,1,0.0004,,,,SIMULATION
exp_42_20_equal_2,2026-09-01T13:22:29.900382,43,20,equal,100.0,97.57,97.57,0.9934,-0.4479,8.54,4.48,2,0.0002,,,,SIMULATION
exp_42_20_equal_3,2026-09-01T13:22:29.900642,44,20,equal,100.0,95.37,95.37,0.9848,-0.3904,13.72,3.71,3,0.0002,,,,SIMULATION
exp_42_20_equal_4,2026-09-01T13:22:29.900980,45,20,equal,100.0,95.25,95.25,0.9772,-0.4047,11.81,3.44,4,0.0003,,,,SIMULATION
exp_42_20_equal_5,2026-09-01T13:22:29.901300,46,20,equal,100.0,97.24,97.24,0.9849,-0.5496,20.44,3.0,5,0.0003,,,,SIMULATION
exp_42_20_equal_6,2026-09-01T13:22:29.901597,47,20,equal,100.0,97.01,97.01,0.9908,-0.4811,12.93,3.15,6,0.0003,,,,SIMULATION
exp_42_20_equal_7,2026-09-01T13:22:29.901864,48,20,equal,100.0,100.0,100.0,1.0,-0.5199,15.67,1.66,7,0.0002,,,,SIMULATION
exp_42_20_equal_8,2026-09-01T13:22:29.902128,49,20,equal,100.0,99.34,99.34,0.9996,-0.5537,8.94,3.07,8,0.0002,,,,SIMULATION
exp_42_20_equal_9,2026-09-01T13:22:29.902406,50,20,equal,100.0,98.61,98.61,0.9962,-0.5431,14.97,2.33,9,0.0002,,,,SIMULATION
exp_42_20_equal_10,2026-09-01T13:22:29.902677,51,20,equal,100.0,100.0,100.0,1.0,-0.5663,11.41,3.51,10,0.0002,,,,SIMULATION
exp_42_20_proportional_1,2026-09-01T13:22:29.902990,42,20,proportional,100.0,100.0,100.0,0.8473,-0.5895,16.95,1.13,1,0.0003,,,,SIMULATION
exp_42_20_proportional_2,2026-09-01T13:22:29.903265,43,20,proportional,100.0,100.0,100.0,0.7922,-0.6259,8.54,4.48,2,0.0002,,,,SIMULATION
exp_42_20_proportional_3,2026-09-01T13:22:29.903533,44,20,proportional,100.0,100.0,100.0,0.764,-0.6785,13.72,3.71,3,0.0002,,,,SIMULATION
exp_42_20_proportional_4,2026-09-01T13:22:29.903805,45,20,proportional,100.0,100.0,100.0,0.7559,-0.7021,11.81,3.44,4,0.0002,,,,SIMULATION
exp_42_20_proportional_5,2026-09-01T13:22:29.904080,46,20,proportional,100.0,100.0,100.0,0.8103,-0.7191,20.44,3.0,5,0.0002,,,,SIMULATION
exp_42_20_proportional_6,2026-09-01T13:22:29.904359,47,20,proportional,100.0,100.0,100.0,0.8035,-0.6838,12.93,3.15,6,0.0002,,,,SIMULATION
exp_42_20_proportional_7,2026-09-01T13:22:29.904635,48,20,proportional,100.0,100.0,100.0,0.8163,-0.6015,15.67,1.66,7,0.0002,,,,SIMULATION
exp_42_20_proportional_8,2026-09-01T13:22:29.904912,49,20,proportional,100.0,100.0,100.0,0.7962,-0.6372,8.94,3.07,8,0.0002,,,,SIMULATION
exp_42_20_proportional_9,2026-09-01T13:22:29.905223,50,20,proportional,100.0,100.0,100.0,0.8461,-0.6591,14.97,2.33,9,0.0003,,,,SIMULATION
exp_42_20_proportional_10,2026-09-01T13:22:29.905481,51,20,proportional,100.0,100.0,100.0,0.8864,-0.6038,11.41,3.51,10,0.0002,,,,SIMULATION
exp_42_20_priority_1,2026-09-01T13:22:29.905766,42,20,priority,100.0,100.0,100.0,0.9337,-0.5769,16.95,1.13,1,0.0003,,,,SIMULATION
exp_42_20_priority_2,2026-09-01T13:22:29.906045,43,20,priority,100.0,100.0,100.0,0.9344,-0.5765,8.54,4.48,2,0.0002,,,,SIMULATION
exp_42_20_priority_3,2026-09-01T13:22:29.906324,44,20,priority,100.0,100.0,100.0,0.9439,-0.6214,13.72,3.71,3,0.0002,,,,SIMULATION
exp_42_20_priority_4,2026-09-01T13:22:29.906600,45,20,priority,100.0,100.0,100.0,0.9366,-0.642,11.81,3.44,4,0.0002,,,,SIMULATION
exp_42_20_priority_5,2026-09-01T13:22:29.906897,46,20,priority,100.0,100.0,100.0,0.9266,-0.7152,20.44,3.0,5,0.0003,,,,SIMULATION
exp_42_20_priority_6,2026-09-01T13:22:29.907188,47,20,priority,100.0,100.0,100.0,0.9337,-0.6467,12.93,3.15,6,0.0003,,,,SIMULATION
exp_42_20_priority_7,2026-09-01T13:22:29.907464,48,20,priority,100.0,100.0,100.0,0.9498,-0.5525,15.67,1.66,7,0.0002,,,,SIMULATION
exp_42_20_priority_8,2026-09-01T13:22:29.907861,49,20,priority,100.0,100.0,100.0,0.9325,-0.6175,8.94,3.07,8,0.0004,,,,SIMULATION
exp_42_20_priority_9,2026-09-01T13:22:29.908507,50,20,priority,100.0,100.0,100.0,0.9364,-0.6483,14.97,2.33,9,0.0006,,,,SIMULATION
exp_42_20_priority_10,2026-09-01T13:22:29.908913,51,20,priority,100.0,100.0,100.0,0.936,-0.6083,11.41,3.51,10,0.0003,,,,SIMULATION
exp_42_20_max_min_fairness_1,2026-09-01T13:22:29.910290,42,20,max_min_fairness,100.0,100.0,100.0,0.9798,-0.543,16.95,1.13,1,0.0009,,,,SIMULATION
exp_42_20_max_min_fairness_2,2026-09-01T13:22:29.911023,43,20,max_min_fairness,100.0,100.0,100.0,0.9924,-0.549,8.54,4.48,2,0.0006,,,,SIMULATION
exp_42_20_max_min_fairness_3,2026-09-01T13:22:29.911731,44,20,max_min_fairness,100.0,100.0,100.0,0.9817,-0.5847,13.72,3.71,3,0.0006,,,,SIMULATION
exp_42_20_max_min_fairness_4,2026-09-01T13:22:29.912239,45,20,max_min_fairness,100.0,100.0,100.0,0.9748,-0.6044,11.81,3.44,4,0.0004,,,,SIMULATION
exp_42_20_max_min_fairness_5,2026-09-01T13:22:29.912582,46,20,max_min_fairness,100.0,100.0,100.0,0.9842,-0.6675,20.44,3.0,5,0.0003,,,,SIMULATION
exp_42_20_max_min_fairness_6,2026-09-01T13:22:29.913621,47,20,max_min_fairness,100.0,100.0,100.0,0.9895,-0.607,12.93,3.15,6,0.0009,,,,SIMULATION
exp_42_20_max_min_fairness_7,2026-09-01T13:22:29.914037,48,20,max_min_fairness,100.0,100.0,100.0,1.0,-0.5199,15.67,1.66,7,0.0003,,,,SIMULATION
exp_42_20_max_min_fairness_8,2026-09-01T13:22:29.914612,49,20,max_min_fairness,100.0,100.0,100.0,0.9995,-0.5813,8.94,3.07,8,0.0005,,,,SIMULATION
exp_42_20_max_min_fairness_9,2026-09-01T13:22:29.915164,50,20,max_min_fairness,100.0,100.0,100.0,0.9959,-0.6024,14.97,2.33,9,0.0005,,,,SIMULATION
exp_42_20_max_min_fairness_10,2026-09-01T13:22:29.915630,51,20,max_min_fairness,100.0,100.0,100.0,1.0,-0.5663,11.41,3.51,10,0.0004,,,,SIMULATION
exp_42_20_alpha_fair_1,2026-09-01T13:22:29.916044,42,20,alpha_fair,100.0,100.0,100.0,0.8473,-0.5895,16.95,1.13,1,0.0003,,,,SIMULATION
exp_42_20_alpha_fair_2,2026-09-01T13:22:29.916299,43,20,alpha_fair,100.0,100.0,100.0,0.7922,-0.6259,8.54,4.48,2,0.0002,,,,SIMULATION
exp_42_20_alpha_fair_3,2026-09-01T13:22:29.916545,44,20,alpha_fair,100.0,100.0,100.0,0.764,-0.6785,13.72,3.71,3,0.0002,,,,SIMULATION
exp_42_20_alpha_fair_4,2026-09-01T13:22:29.916787,45,20,alpha_fair,100.0,100.0,100.0,0.7559,-0.7021,11.81,3.44,4,0.0002,,,,SIMULATION
exp_42_20_alpha_fair_5,2026-09-01T13:22:29.917028,46,20,alpha_fair,100.0,100.0,100.0,0.8103,-0.7191,20.44,3.0,5,0.0002,,,,SIMULATION
exp_42_20_alpha_fair_6,2026-09-01T13:22:29.917301,47,20,alpha_fair,100.0,100.0,100.0,0.8035,-0.6838,12.93,3.15,6,0.0002,,,,SIMULATION
exp_42_20_alpha_fair_7,2026-09-01T13:22:29.917601,48,20,alpha_fair,100.0,100.0,100.0,0.8163,-0.6015,15.67,1.66,7,0.0003,,,,SIMULATION
exp_42_20_alpha_fair_8,2026-09-01T13:22:29.917808,49,20,alpha_fair,100.0,100.0,100.0,0.7962,-0.6372,8.94,3.07,8,0.0002,,,,SIMULATION
exp_42_20_alpha_fair_9,2026-09-01T13:22:29.917979,50,20,alpha_fair,100.0,100.0,100.0,0.8461,-0.6591,14.97,2.33,9,0.0002,,,,SIMULATION
exp_42_20_alpha_fair_10,2026-09-01T13:22:29.918145,51,20,alpha_fair,100.0,100.0,100.0,0.8864,-0.6038,11.41,3.51,10,0.0001,,,,SIMULATION
exp_42_20_game_theory_1,2026-09-01T13:22:29.925476,42,20,game_theory,100.0,59.5,59.5,0.9581,0.8383,16.95,1.13,1,0.0073,5,True,True,SIMULATION
exp_42_20_game_theory_2,2026-09-01T13:22:29.934555,43,20,game_theory,100.0,59.5,59.5,0.9555,0.821,8.54,4.48,2,0.009,4,True,True,SIMULATION
exp_42_20_game_theory_3,2026-09-01T13:22:29.941279,44,20,game_theory,100.0,59.5,59.5,0.9555,0.8801,13.72,3.71,3,0.0066,4,True,True,SIMULATION
exp_42_20_game_theory_4,2026-09-01T13:22:29.951924,45,20,game_theory,100.0,59.5,59.5,0.9713,0.8634,11.81,3.44,4,0.009,5,True,True,SIMULATION
exp_42_20_game_theory_5,2026-09-01T13:22:29.968707,46,20,game_theory,100.0,59.5,59.5,0.9607,0.8123,20.44,3.0,5,0.0167,6,True,True,SIMULATION
exp_42_20_game_theory_6,2026-09-01T13:22:29.978763,47,20,game_theory,100.0,59.5,59.5,0.9633,0.8183,12.93,3.15,6,0.01,6,True,True,SIMULATION
exp_42_20_game_theory_7,2026-09-01T13:22:29.987368,48,20,game_theory,100.0,59.5,59.5,0.9686,0.8384,15.67,1.66,7,0.0085,5,True,True,SIMULATION
exp_42_20_game_theory_8,2026-09-01T13:22:29.998919,49,20,game_theory,100.0,58.0,58.0,0.9695,0.7682,8.94,3.07,8,0.0115,5,True,True,SIMULATION
exp_42_20_game_theory_9,2026-09-01T13:22:30.007363,50,20,game_theory,100.0,59.5,59.5,0.966,0.8439,14.97,2.33,9,0.0084,5,True,True,SIMULATION
exp_42_20_game_theory_10,2026-09-01T13:22:30.019018,51,20,game_theory,100.0,59.5,59.5,0.9555,0.8606,11.41,3.51,10,0.0116,4,True,True,SIMULATION
exp_42_30_equal_1,2026-09-01T13:22:30.019432,42,30,equal,100.0,97.9,97.9,0.9936,0.0084,16.95,1.13,1,0.0004,,,,SIMULATION
exp_42_30_equal_2,2026-09-01T13:22:30.019808,43,30,equal,100.0,99.36,99.36,0.999,-0.0421,8.54,4.48,2,0.0003,,,,SIMULATION
exp_42_30_equal_3,2026-09-01T13:22:30.020188,44,30,equal,100.0,99.47,99.47,0.9992,-0.0319,13.72,3.71,3,0.0003,,,,SIMULATION
exp_42_30_equal_4,2026-09-01T13:22:30.020567,45,30,equal,100.0,98.58,98.58,0.9958,-0.0151,11.81,3.44,4,0.0003,,,,SIMULATION
exp_42_30_equal_5,2026-09-01T13:22:30.020950,46,30,equal,100.0,98.91,98.91,0.9965,-0.0885,20.44,3.0,5,0.0003,,,,SIMULATION
exp_42_30_equal_6,2026-09-01T13:22:30.021311,47,30,equal,100.0,99.67,99.67,0.9997,-0.0604,12.93,3.15,6,0.0003,,,,SIMULATION
exp_42_30_equal_7,2026-09-01T13:22:30.021673,48,30,equal,100.0,100.0,100.0,1.0,-0.0201,15.67,1.66,7,0.0003,,,,SIMULATION
exp_42_30_equal_8,2026-09-01T13:22:30.022041,49,30,equal,100.0,100.0,100.0,1.0,-0.0417,8.94,3.07,8,0.0003,,,,SIMULATION
exp_42_30_equal_9,2026-09-01T13:22:30.022403,50,30,equal,100.0,100.0,100.0,1.0,-0.0602,14.97,2.33,9,0.0003,,,,SIMULATION
exp_42_30_equal_10,2026-09-01T13:22:30.022817,51,30,equal,100.0,100.0,100.0,1.0,-0.0202,11.41,3.51,10,0.0004,,,,SIMULATION
exp_42_30_proportional_1,2026-09-01T13:22:30.023226,42,30,proportional,100.0,100.0,100.0,0.8041,-0.1035,16.95,1.13,1,0.0004,,,,SIMULATION
exp_42_30_proportional_2,2026-09-01T13:22:30.023596,43,30,proportional,100.0,100.0,100.0,0.8005,-0.1155,8.54,4.48,2,0.0003,,,,SIMULATION
exp_42_30_proportional_3,2026-09-01T13:22:30.023956,44,30,proportional,100.0,100.0,100.0,0.7492,-0.1322,13.72,3.71,3,0.0003,,,,SIMULATION
exp_42_30_proportional_4,2026-09-01T13:22:30.028163,45,30,proportional,100.0,100.0,100.0,0.7845,-0.1339,11.81,3.44,4,0.003,,,,SIMULATION
exp_42_30_proportional_5,2026-09-01T13:22:30.028945,46,30,proportional,100.0,100.0,100.0,0.834,-0.1639,20.44,3.0,5,0.0006,,,,SIMULATION
exp_42_30_proportional_6,2026-09-01T13:22:30.029423,47,30,proportional,100.0,100.0,100.0,0.8394,-0.124,12.93,3.15,6,0.0004,,,,SIMULATION
exp_42_30_proportional_7,2026-09-01T13:22:30.030009,48,30,proportional,100.0,100.0,100.0,0.8271,-0.0859,15.67,1.66,7,0.0004,,,,SIMULATION
exp_42_30_proportional_8,2026-09-01T13:22:30.030456,49,30,proportional,100.0,100.0,100.0,0.8093,-0.1026,8.94,3.07,8,0.0004,,,,SIMULATION
exp_42_30_proportional_9,2026-09-01T13:22:30.030892,50,30,proportional,100.0,100.0,100.0,0.8541,-0.1046,14.97,2.33,9,0.0004,,,,SIMULATION
exp_42_30_proportional_10,2026-09-01T13:22:30.031340,51,30,proportional,100.0,100.0,100.0,0.8375,-0.0615,11.41,3.51,10,0.0004,,,,SIMULATION
exp_42_30_priority_1,2026-09-01T13:22:30.031995,42,30,priority,100.0,100.0,100.0,0.9351,-0.07,16.95,1.13,1,0.0006,,,,SIMULATION
exp_42_30_priority_2,2026-09-01T13:22:30.032656,43,30,priority,100.0,100.0,100.0,0.9312,-0.077,8.54,4.48,2,0.0005,,,,SIMULATION
exp_42_30_priority_3,2026-09-01T13:22:30.033379,44,30,priority,100.0,100.0,100.0,0.9408,-0.0732,13.72,3.71,3,0.0006,,,,SIMULATION
exp_42_30_priority_4,2026-09-01T13:22:30.033830,45,30,priority,100.0,100.0,100.0,0.9403,-0.0818,11.81,3.44,4,0.0004,,,,SIMULATION
exp_42_30_priority_5,2026-09-01T13:22:30.034274,46,30,priority,100.0,100.0,100.0,0.9376,-0.1556,20.44,3.0,5,0.0004,,,,SIMULATION
exp_42_30_priority_6,2026-09-01T13:22:30.034751,47,30,priority,100.0,100.0,100.0,0.9342,-0.0998,12.93,3.15,6,0.0004,,,,SIMULATION
exp_42_30_priority_7,2026-09-01T13:22:30.035187,48,30,priority,100.0,100.0,100.0,0.9432,-0.0432,15.67,1.66,7,0.0004,,,,SIMULATION
exp_42_30_priority_8,2026-09-01T13:22:30.035601,49,30,priority,100.0,100.0,100.0,0.9329,-0.0652,8.94,3.07,8,0.0004,,,,SIMULATION
exp_42_30_priority_9,2026-09-01T13:22:30.036021,50,30,priority,100.0,100.0,100.0,0.9364,-0.091,14.97,2.33,9,0.0004,,,,SIMULATION
exp_42_30_priority_10,2026-09-01T13:22:30.036464,51,30,priority,100.0,100.0,100.0,0.9411,-0.0434,11.41,3.51,10,0.0004,,,,SIMULATION
exp_42_30_max_min_fairness_1,2026-09-01T13:22:30.036897,42,30,max_min_fairness,100.0,100.0,100.0,0.9929,-0.0448,16.95,1.13,1,0.0004,,,,SIMULATION
exp_42_30_max_min_fairness_2,2026-09-01T13:22:30.037343,43,30,max_min_fairness,100.0,100.0,100.0,0.9989,-0.0584,8.54,4.48,2,0.0004,,,,SIMULATION
exp_42_30_max_min_fairness_3,2026-09-01T13:22:30.037767,44,30,max_min_fairness,100.0,100.0,100.0,0.9991,-0.0457,13.72,3.71,3,0.0004,,,,SIMULATION
exp_42_30_max_min_fairness_4,2026-09-01T13:22:30.038073,45,30,max_min_fairness,100.0,100.0,100.0,0.9956,-0.0515,11.81,3.44,4,0.0003,,,,SIMULATION
exp_42_30_max_min_fairness_5,2026-09-01T13:22:30.038591,46,30,max_min_fairness,100.0,100.0,100.0,0.9963,-0.1172,20.44,3.0,5,0.0005,,,,SIMULATION
exp_42_30_max_min_fairness_6,2026-09-01T13:22:30.039053,47,30,max_min_fairness,100.0,100.0,100.0,0.9997,-0.0691,12.93,3.15,6,0.0004,,,,SIMULATION
exp_42_30_max_min_fairness_7,2026-09-01T13:22:30.039488,48,30,max_min_fairness,100.0,100.0,100.0,1.0,-0.0201,15.67,1.66,7,0.0004,,,,SIMULATION
exp_42_30_max_min_fairness_8,2026-09-01T13:22:30.039918,49,30,max_min_fairness,100.0,100.0,100.0,1.0,-0.0417,8.94,3.07,8,0.0004,,,,SIMULATION
exp_42_30_max_min_fairness_9,2026-09-01T13:22:30.040381,50,30,max_min_fairness,100.0,100.0,100.0,1.0,-0.0602,14.97,2.33,9,0.0004,,,,SIMULATION
exp_42_30_max_min_fairness_10,2026-09-01T13:22:30.040823,51,30,max_min_fairness,100.0,100.0,100.0,1.0,-0.0202,11.41,3.51,10,0.0004,,,,SIMULATION
exp_42_30_alpha_fair_1,2026-09-01T13:22:30.046918,42,30,alpha_fair,100.0,100.0,100.0,0.8041,-0.1035,16.95,1.13,1,0.006,,,,SIMULATION
exp_42_30_alpha_fair_2,2026-09-01T13:22:30.047355,43,30,alpha_fair,100.0,100.0,100.0,0.8005,-0.1155,8.54,4.48,2,0.0004,,,,SIMULATION
exp_42_30_alpha_fair_3,2026-09-01T13:22:30.047799,44,30,alpha_fair,100.0,100.0,100.0,0.7492,-0.1322,13.72,3.71,3,0.0004,,,,SIMULATION
exp_42_30_alpha_fair_4,2026-09-01T13:22:30.048218,45,30,alpha_fair,100.0,100.0,100.0,0.7845,-0.1339,11.81,3.44,4,0.0004,,,,SIMULATION
exp_42_30_alpha_fair_5,2026-09-01T13:22:30.048742,46,30,alpha_fair,100.0,100.0,100.0,0.834,-0.1639,20.44,3.0,5,0.0005,,,,SIMULATION
exp_42_30_alpha_fair_6,2026-09-01T13:22:30.049660,47,30,alpha_fair,100.0,100.0,100.0,0.8394,-0.124,12.93,3.15,6,0.0008,,,,SIMULATION
exp_42_30_alpha_fair_7,2026-09-01T13:22:30.050350,48,30,alpha_fair,100.0,100.0,100.0,0.8271,-0.0859,15.67,1.66,7,0.0006,,,,SIMULATION
exp_42_30_alpha_fair_8,2026-09-01T13:22:30.050868,49,30,alpha_fair,100.0,100.0,100.0,0.8093,-0.1026,8.94,3.07,8,0.0004,,,,SIMULATION
exp_42_30_alpha_fair_9,2026-09-01T13:22:30.051260,50,30,alpha_fair,100.0,100.0,100.0,0.8541,-0.1046,14.97,2.33,9,0.0003,,,,SIMULATION
exp_42_30_alpha_fair_10,2026-09-01T13:22:30.051648,51,30,alpha_fair,100.0,100.0,100.0,0.8375,-0.0615,11.41,3.51,10,0.0004,,,,SIMULATION
exp_42_30_game_theory_1,2026-09-01T13:22:30.070664,42,30,game_theory,100.0,71.0,71.0,0.9547,0.6686,16.95,1.13,1,0.019,5,True,True,SIMULATION
exp_42_30_game_theory_2,2026-09-01T13:22:30.090343,43,30,game_theory,100.0,71.0,71.0,0.9575,0.6391,8.54,4.48,2,0.0196,5,True,True,SIMULATION
exp_42_30_game_theory_3,2026-09-01T13:22:30.116786,44,30,game_theory,100.0,72.0,72.0,0.9417,0.6904,13.72,3.71,3,0.0264,6,True,True,SIMULATION
exp_42_30_game_theory_4,2026-09-01T13:22:30.136634,45,30,game_theory,100.0,71.5,71.5,0.9507,0.6856,11.81,3.44,4,0.0198,6,True,True,SIMULATION
exp_42_30_game_theory_5,2026-09-01T13:22:30.154326,46,30,game_theory,100.0,71.0,71.0,0.9547,0.6769,20.44,3.0,5,0.0176,6,True,True,SIMULATION
exp_42_30_game_theory_6,2026-09-01T13:22:30.165994,47,30,game_theory,100.0,71.0,71.0,0.9575,0.6768,12.93,3.15,6,0.0116,5,True,True,SIMULATION
exp_42_30_game_theory_7,2026-09-01T13:22:30.186483,48,30,game_theory,100.0,71.0,71.0,0.952,0.6723,15.67,1.66,7,0.0204,6,True,True,SIMULATION
exp_42_30_game_theory_8,2026-09-01T13:22:30.199722,49,30,game_theory,100.0,70.5,70.5,0.9703,0.6372,8.94,3.07,8,0.0132,5,True,True,SIMULATION
exp_42_30_game_theory_9,2026-09-01T13:22:30.214979,50,30,game_theory,100.0,71.0,71.0,0.9602,0.6633,14.97,2.33,9,0.0152,5,True,True,SIMULATION
exp_42_30_game_theory_10,2026-09-01T13:22:30.229958,51,30,game_theory,100.0,71.0,71.0,0.944,0.6901,11.41,3.51,10,0.0149,5,True,True,SIMULATION
exp_42_50_equal_1,2026-09-01T13:22:30.230565,42,50,equal,100.0,100.0,100.0,1.0,0.2631,16.95,1.13,1,0.0005,,,,SIMULATION
exp_42_50_equal_2,2026-09-01T13:22:30.231104,43,50,equal,100.0,100.0,100.0,1.0,0.2123,8.54,4.48,2,0.0005,,,,SIMULATION
exp_42_50_equal_3,2026-09-01T13:22:30.231645,44,50,equal,100.0,100.0,100.0,1.0,0.2349,13.72,3.71,3,0.0005,,,,SIMULATION
exp_42_50_equal_4,2026-09-01T13:22:30.232172,45,50,equal,100.0,100.0,100.0,1.0,0.2375,11.81,3.44,4,0.0005,,,,SIMULATION
exp_42_50_equal_5,2026-09-01T13:22:30.232703,46,50,equal,100.0,100.0,100.0,1.0,0.2149,20.44,3.0,5,0.0005,,,,SIMULATION
exp_42_50_equal_6,2026-09-01T13:22:30.233237,47,50,equal,100.0,100.0,100.0,1.0,0.2364,12.93,3.15,6,0.0005,,,,SIMULATION
exp_42_50_equal_7,2026-09-01T13:22:30.233761,48,50,equal,100.0,100.0,100.0,1.0,0.2477,15.67,1.66,7,0.0005,,,,SIMULATION
exp_42_50_equal_8,2026-09-01T13:22:30.234316,49,50,equal,100.0,100.0,100.0,1.0,0.2546,8.94,3.07,8,0.0005,,,,SIMULATION
exp_42_50_equal_9,2026-09-01T13:22:30.234867,50,50,equal,100.0,100.0,100.0,1.0,0.2457,14.97,2.33,9,0.0005,,,,SIMULATION
exp_42_50_equal_10,2026-09-01T13:22:30.235234,51,50,equal,100.0,100.0,100.0,1.0,0.283,11.41,3.51,10,0.0003,,,,SIMULATION
exp_42_50_proportional_1,2026-09-01T13:22:30.235612,42,50,proportional,100.0,100.0,100.0,0.821,0.2203,16.95,1.13,1,0.0003,,,,SIMULATION
exp_42_50_proportional_2,2026-09-01T13:22:30.235992,43,50,proportional,100.0,100.0,100.0,0.7826,0.1677,8.54,4.48,2,0.0004,,,,SIMULATION
exp_42_50_proportional_3,2026-09-01T13:22:30.236414,44,50,proportional,100.0,100.0,100.0,0.7759,0.1801,13.72,3.71,3,0.0004,,,,SIMULATION
exp_42_50_proportional_4,2026-09-01T13:22:30.236790,45,50,proportional,100.0,100.0,100.0,0.7633,0.1668,11.81,3.44,4,0.0003,,,,SIMULATION
exp_42_50_proportional_5,2026-09-01T13:22:30.237169,46,50,proportional,100.0,100.0,100.0,0.8102,0.1726,20.44,3.0,5,0.0003,,,,SIMULATION
exp_42_50_proportional_6,2026-09-01T13:22:30.237520,47,50,proportional,100.0,100.0,100.0,0.8207,0.1868,12.93,3.15,6,0.0003,,,,SIMULATION
exp_42_50_proportional_7,2026-09-01T13:22:30.237930,48,50,proportional,100.0,100.0,100.0,0.7965,0.191,15.67,1.66,7,0.0004,,,,SIMULATION
exp_42_50_proportional_8,2026-09-01T13:22:30.238340,49,50,proportional,100.0,100.0,100.0,0.8138,0.2098,8.94,3.07,8,0.0004,,,,SIMULATION
exp_42_50_proportional_9,2026-09-01T13:22:30.238746,50,50,proportional,100.0,100.0,100.0,0.8251,0.1979,14.97,2.33,9,0.0004,,,,SIMULATION
exp_42_50_proportional_10,2026-09-01T13:22:30.239150,51,50,proportional,100.0,100.0,100.0,0.8401,0.2463,11.41,3.51,10,0.0004,,,,SIMULATION
exp_42_50_priority_1,2026-09-01T13:22:30.239611,42,50,priority,100.0,100.0,100.0,0.9409,0.2538,16.95,1.13,1,0.0004,,,,SIMULATION
exp_42_50_priority_2,2026-09-01T13:22:30.239982,43,50,priority,100.0,100.0,100.0,0.9282,0.2042,8.54,4.48,2,0.0003,,,,SIMULATION
exp_42_50_priority_3,2026-09-01T13:22:30.240343,44,50,priority,100.0,100.0,100.0,0.9362,0.2227,13.72,3.71,3,0.0003,,,,SIMULATION
exp_42_50_priority_4,2026-09-01T13:22:30.240763,45,50,priority,100.0,100.0,100.0,0.9369,0.2231,11.81,3.44,4,0.0004,,,,SIMULATION
exp_42_50_priority_5,2026-09-01T13:22:30.242041,46,50,priority,100.0,100.0,100.0,0.9385,0.1995,20.44,3.0,5,0.0012,,,,SIMULATION
exp_42_50_priority_6,2026-09-01T13:22:30.242972,47,50,priority,100.0,100.0,100.0,0.9364,0.2229,12.93,3.15,6,0.0008,,,,SIMULATION
exp_42_50_priority_7,2026-09-01T13:22:30.243753,48,50,priority,100.0,100.0,100.0,0.9409,0.2372,15.67,1.66,7,0.0007,,,,SIMULATION
exp_42_50_priority_8,2026-09-01T13:22:30.244499,49,50,priority,100.0,100.0,100.0,0.936,0.2448,8.94,3.07,8,0.0007,,,,SIMULATION
exp_42_50_priority_9,2026-09-01T13:22:30.244995,50,50,priority,100.0,100.0,100.0,0.9393,0.234,14.97,2.33,9,0.0005,,,,SIMULATION
exp_42_50_priority_10,2026-09-01T13:22:30.245471,51,50,priority,100.0,100.0,100.0,0.9489,0.2739,11.41,3.51,10,0.0004,,,,SIMULATION
exp_42_50_max_min_fairness_1,2026-09-01T13:22:30.245878,42,50,max_min_fairness,100.0,100.0,100.0,1.0,0.2631,16.95,1.13,1,0.0004,,,,SIMULATION
exp_42_50_max_min_fairness_2,2026-09-01T13:22:30.246571,43,50,max_min_fairness,100.0,100.0,100.0,1.0,0.2123,8.54,4.48,2,0.0006,,,,SIMULATION
exp_42_50_max_min_fairness_3,2026-09-01T13:22:30.247156,44,50,max_min_fairness,100.0,100.0,100.0,1.0,0.2349,13.72,3.71,3,0.0005,,,,SIMULATION
exp_42_50_max_min_fairness_4,2026-09-01T13:22:30.247716,45,50,max_min_fairness,100.0,100.0,100.0,1.0,0.2375,11.81,3.44,4,0.0005,,,,SIMULATION
exp_42_50_max_min_fairness_5,2026-09-01T13:22:30.248228,46,50,max_min_fairness,100.0,100.0,100.0,1.0,0.2149,20.44,3.0,5,0.0005,,,,SIMULATION
exp_42_50_max_min_fairness_6,2026-09-01T13:22:30.248659,47,50,max_min_fairness,100.0,100.0,100.0,1.0,0.2364,12.93,3.15,6,0.0004,,,,SIMULATION
exp_42_50_max_min_fairness_7,2026-09-01T13:22:30.249062,48,50,max_min_fairness,100.0,100.0,100.0,1.0,0.2477,15.67,1.66,7,0.0004,,,,SIMULATION
exp_42_50_max_min_fairness_8,2026-09-01T13:22:30.249566,49,50,max_min_fairness,100.0,100.0,100.0,1.0,0.2546,8.94,3.07,8,0.0005,,,,SIMULATION
exp_42_50_max_min_fairness_9,2026-09-01T13:22:30.250161,50,50,max_min_fairness,100.0,100.0,100.0,1.0,0.2457,14.97,2.33,9,0.0005,,,,SIMULATION
exp_42_50_max_min_fairness_10,2026-09-01T13:22:30.250779,51,50,max_min_fairness,100.0,100.0,100.0,1.0,0.283,11.41,3.51,10,0.0006,,,,SIMULATION
exp_42_50_alpha_fair_1,2026-09-01T13:22:30.251347,42,50,alpha_fair,100.0,100.0,100.0,0.821,0.2203,16.95,1.13,1,0.0005,,,,SIMULATION
exp_42_50_alpha_fair_2,2026-09-01T13:22:30.251976,43,50,alpha_fair,100.0,100.0,100.0,0.7826,0.1677,8.54,4.48,2,0.0006,,,,SIMULATION
exp_42_50_alpha_fair_3,2026-09-01T13:22:30.252537,44,50,alpha_fair,100.0,100.0,100.0,0.7759,0.1801,13.72,3.71,3,0.0005,,,,SIMULATION
exp_42_50_alpha_fair_4,2026-09-01T13:22:30.252882,45,50,alpha_fair,100.0,100.0,100.0,0.7633,0.1668,11.81,3.44,4,0.0003,,,,SIMULATION
exp_42_50_alpha_fair_5,2026-09-01T13:22:30.253186,46,50,alpha_fair,100.0,100.0,100.0,0.8102,0.1726,20.44,3.0,5,0.0003,,,,SIMULATION
exp_42_50_alpha_fair_6,2026-09-01T13:22:30.253496,47,50,alpha_fair,100.0,100.0,100.0,0.8207,0.1868,12.93,3.15,6,0.0003,,,,SIMULATION
exp_42_50_alpha_fair_7,2026-09-01T13:22:30.253880,48,50,alpha_fair,100.0,100.0,100.0,0.7965,0.191,15.67,1.66,7,0.0004,,,,SIMULATION
exp_42_50_alpha_fair_8,2026-09-01T13:22:30.254355,49,50,alpha_fair,100.0,100.0,100.0,0.8138,0.2098,8.94,3.07,8,0.0004,,,,SIMULATION
exp_42_50_alpha_fair_9,2026-09-01T13:22:30.254909,50,50,alpha_fair,100.0,100.0,100.0,0.8251,0.1979,14.97,2.33,9,0.0005,,,,SIMULATION
exp_42_50_alpha_fair_10,2026-09-01T13:22:30.255534,51,50,alpha_fair,100.0,100.0,100.0,0.8401,0.2463,11.41,3.51,10,0.0006,,,,SIMULATION
exp_42_50_game_theory_1,2026-09-01T13:22:30.284851,42,50,game_theory,100.0,89.0,89.0,0.9264,0.4976,16.95,1.13,1,0.0292,7,True,True,SIMULATION
exp_42_50_game_theory_2,2026-09-01T13:22:30.309499,43,50,game_theory,100.0,88.0,88.0,0.956,0.4464,8.54,4.48,2,0.0246,6,True,True,SIMULATION
exp_42_50_game_theory_3,2026-09-01T13:22:30.335280,44,50,game_theory,100.0,88.0,88.0,0.9192,0.5008,13.72,3.71,3,0.0257,7,True,True,SIMULATION
exp_42_50_game_theory_4,2026-09-01T13:22:30.359685,45,50,game_theory,100.0,88.0,88.0,0.9387,0.4865,11.81,3.44,4,0.0243,6,True,True,SIMULATION
exp_42_50_game_theory_5,2026-09-01T13:22:30.383814,46,50,game_theory,100.0,89.5,89.5,0.9168,0.5003,20.44,3.0,5,0.024,7,True,True,SIMULATION
exp_42_50_game_theory_6,2026-09-01T13:22:30.414878,47,50,game_theory,100.0,88.0,88.0,0.9302,0.4873,12.93,3.15,6,0.031,7,True,True,SIMULATION
exp_42_50_game_theory_7,2026-09-01T13:22:30.444937,48,50,game_theory,100.0,88.0,88.0,0.9473,0.4787,15.67,1.66,7,0.03,6,True,True,SIMULATION
exp_42_50_game_theory_8,2026-09-01T13:22:30.471177,49,50,game_theory,100.0,88.0,88.0,0.9531,0.4764,8.94,3.07,8,0.0262,6,True,True,SIMULATION
exp_42_50_game_theory_9,2026-09-01T13:22:30.502847,50,50,game_theory,100.0,88.0,88.0,0.9358,0.4893,14.97,2.33,9,0.0316,6,True,True,SIMULATION
exp_42_50_game_theory_10,2026-09-01T13:22:30.546275,51,50,game_theory,100.0,90.0,90.0,0.9419,0.5065,11.41,3.51,10,0.0433,7,True,True,SIMULATION
exp_42_100_equal_1,2026-09-01T13:22:30.547308,42,100,equal,100.0,100.0,100.0,1.0,0.3117,16.95,1.13,1,0.001,,,,SIMULATION
exp_42_100_equal_2,2026-09-01T13:22:30.548345,43,100,equal,100.0,100.0,100.0,1.0,0.2998,8.54,4.48,2,0.0009,,,,SIMULATION
exp_42_100_equal_3,2026-09-01T13:22:30.549318,44,100,equal,100.0,100.0,100.0,1.0,0.3094,13.72,3.71,3,0.0009,,,,SIMULATION
exp_42_100_equal_4,2026-09-01T13:22:30.550347,45,100,equal,100.0,100.0,100.0,1.0,0.3147,11.81,3.44,4,0.001,,,,SIMULATION
exp_42_100_equal_5,2026-09-01T13:22:30.551387,46,100,equal,100.0,100.0,100.0,1.0,0.2777,20.44,3.0,5,0.0009,,,,SIMULATION
exp_42_100_equal_6,2026-09-01T13:22:30.552385,47,100,equal,100.0,100.0,100.0,1.0,0.2979,12.93,3.15,6,0.0009,,,,SIMULATION
exp_42_100_equal_7,2026-09-01T13:22:30.553461,48,100,equal,100.0,100.0,100.0,1.0,0.3107,15.67,1.66,7,0.001,,,,SIMULATION
exp_42_100_equal_8,2026-09-01T13:22:30.554556,49,100,equal,100.0,100.0,100.0,1.0,0.3209,8.94,3.07,8,0.001,,,,SIMULATION
exp_42_100_equal_9,2026-09-01T13:22:30.555550,50,100,equal,100.0,100.0,100.0,1.0,0.2911,14.97,2.33,9,0.0009,,,,SIMULATION
exp_42_100_equal_10,2026-09-01T13:22:30.556656,51,100,equal,100.0,100.0,100.0,1.0,0.3199,11.41,3.51,10,0.001,,,,SIMULATION
exp_42_100_proportional_1,2026-09-01T13:22:30.557455,42,100,proportional,100.0,100.0,100.0,0.7987,0.2833,16.95,1.13,1,0.0007,,,,SIMULATION
exp_42_100_proportional_2,2026-09-01T13:22:30.562150,43,100,proportional,100.0,100.0,100.0,0.7804,0.2739,8.54,4.48,2,0.0026,,,,SIMULATION
exp_42_100_proportional_3,2026-09-01T13:22:30.565218,44,100,proportional,100.0,100.0,100.0,0.774,0.279,13.72,3.71,3,0.003,,,,SIMULATION
exp_42_100_proportional_4,2026-09-01T13:22:30.569998,45,100,proportional,100.0,100.0,100.0,0.8017,0.2838,11.81,3.44,4,0.0047,,,,SIMULATION
exp_42_100_proportional_5,2026-09-01T13:22:30.571122,46,100,proportional,100.0,100.0,100.0,0.7808,0.2515,20.44,3.0,5,0.001,,,,SIMULATION
exp_42_100_proportional_6,2026-09-01T13:22:30.572750,47,100,proportional,100.0,100.0,100.0,0.8148,0.2723,12.93,3.15,6,0.0015,,,,SIMULATION
exp_42_100_proportional_7,2026-09-01T13:22:30.573969,48,100,proportional,100.0,100.0,100.0,0.801,0.281,15.67,1.66,7,0.001,,,,SIMULATION
exp_42_100_proportional_8,2026-09-01T13:22:30.576326,49,100,proportional,100.0,100.0,100.0,0.8105,0.2945,8.94,3.07,8,0.0023,,,,SIMULATION
exp_42_100_proportional_9,2026-09-01T13:22:30.578322,50,100,proportional,100.0,100.0,100.0,0.7857,0.2604,14.97,2.33,9,0.0019,,,,SIMULATION
exp_42_100_proportional_10,2026-09-01T13:22:30.579510,51,100,proportional,100.0,100.0,100.0,0.8284,0.2984,11.41,3.51,10,0.0011,,,,SIMULATION
exp_42_100_priority_1,2026-09-01T13:22:30.580977,42,100,priority,100.0,100.0,100.0,0.9405,0.3132,16.95,1.13,1,0.0014,,,,SIMULATION
exp_42_100_priority_2,2026-09-01T13:22:30.583089,43,100,priority,100.0,100.0,100.0,0.9364,0.3024,8.54,4.48,2,0.002,,,,SIMULATION
exp_42_100_priority_3,2026-09-01T13:22:30.584205,44,100,priority,100.0,100.0,100.0,0.9417,0.3091,13.72,3.71,3,0.001,,,,SIMULATION
exp_42_100_priority_4,2026-09-01T13:22:30.585377,45,100,priority,100.0,100.0,100.0,0.9458,0.3128,11.81,3.44,4,0.0011,,,,SIMULATION
exp_42_100_priority_5,2026-09-01T13:22:30.586584,46,100,priority,100.0,100.0,100.0,0.9349,0.2751,20.44,3.0,5,0.0011,,,,SIMULATION
exp_42_100_priority_6,2026-09-01T13:22:30.587891,47,100,priority,100.0,100.0,100.0,0.9381,0.2973,12.93,3.15,6,0.0012,,,,SIMULATION
exp_42_100_priority_7,2026-09-01T13:22:30.589850,48,100,priority,100.0,100.0,100.0,0.9436,0.3117,15.67,1.66,7,0.0019,,,,SIMULATION
exp_42_100_priority_8,2026-09-01T13:22:30.591750,49,100,priority,100.0,100.0,100.0,0.9411,0.3214,8.94,3.07,8,0.0018,,,,SIMULATION
exp_42_100_priority_9,2026-09-01T13:22:30.595069,50,100,priority,100.0,100.0,100.0,0.9353,0.2906,14.97,2.33,9,0.0032,,,,SIMULATION
exp_42_100_priority_10,2026-09-01T13:22:30.598062,51,100,priority,100.0,100.0,100.0,0.9479,0.3215,11.41,3.51,10,0.0029,,,,SIMULATION
exp_42_100_max_min_fairness_1,2026-09-01T13:22:30.599177,42,100,max_min_fairness,100.0,100.0,100.0,1.0,0.3117,16.95,1.13,1,0.001,,,,SIMULATION
exp_42_100_max_min_fairness_2,2026-09-01T13:22:30.600271,43,100,max_min_fairness,100.0,100.0,100.0,1.0,0.2998,8.54,4.48,2,0.001,,,,SIMULATION
exp_42_100_max_min_fairness_3,2026-09-01T13:22:30.601523,44,100,max_min_fairness,100.0,100.0,100.0,1.0,0.3094,13.72,3.71,3,0.0012,,,,SIMULATION
exp_42_100_max_min_fairness_4,2026-09-01T13:22:30.602689,45,100,max_min_fairness,100.0,100.0,100.0,1.0,0.3147,11.81,3.44,4,0.0011,,,,SIMULATION
exp_42_100_max_min_fairness_5,2026-09-01T13:22:30.604692,46,100,max_min_fairness,100.0,100.0,100.0,1.0,0.2777,20.44,3.0,5,0.0019,,,,SIMULATION
exp_42_100_max_min_fairness_6,2026-09-01T13:22:30.606015,47,100,max_min_fairness,100.0,100.0,100.0,1.0,0.2979,12.93,3.15,6,0.0012,,,,SIMULATION
exp_42_100_max_min_fairness_7,2026-09-01T13:22:30.607121,48,100,max_min_fairness,100.0,100.0,100.0,1.0,0.3107,15.67,1.66,7,0.001,,,,SIMULATION
exp_42_100_max_min_fairness_8,2026-09-01T13:22:30.609740,49,100,max_min_fairness,100.0,100.0,100.0,1.0,0.3209,8.94,3.07,8,0.0025,,,,SIMULATION
exp_42_100_max_min_fairness_9,2026-09-01T13:22:30.618851,50,100,max_min_fairness,100.0,100.0,100.0,1.0,0.2911,14.97,2.33,9,0.009,,,,SIMULATION
exp_42_100_max_min_fairness_10,2026-09-01T13:22:30.621133,51,100,max_min_fairness,100.0,100.0,100.0,1.0,0.3199,11.41,3.51,10,0.0012,,,,SIMULATION
exp_42_100_alpha_fair_1,2026-09-01T13:22:30.626007,42,100,alpha_fair,100.0,100.0,100.0,0.7987,0.2833,16.95,1.13,1,0.0021,,,,SIMULATION
exp_42_100_alpha_fair_2,2026-09-01T13:22:30.627630,43,100,alpha_fair,100.0,100.0,100.0,0.7804,0.2739,8.54,4.48,2,0.0014,,,,SIMULATION
exp_42_100_alpha_fair_3,2026-09-01T13:22:30.629044,44,100,alpha_fair,100.0,100.0,100.0,0.774,0.279,13.72,3.71,3,0.0012,,,,SIMULATION
exp_42_100_alpha_fair_4,2026-09-01T13:22:30.630206,45,100,alpha_fair,100.0,100.0,100.0,0.8017,0.2838,11.81,3.44,4,0.0011,,,,SIMULATION
exp_42_100_alpha_fair_5,2026-09-01T13:22:30.632505,46,100,alpha_fair,100.0,100.0,100.0,0.7808,0.2515,20.44,3.0,5,0.0022,,,,SIMULATION
exp_42_100_alpha_fair_6,2026-09-01T13:22:30.633678,47,100,alpha_fair,100.0,100.0,100.0,0.8148,0.2723,12.93,3.15,6,0.001,,,,SIMULATION
exp_42_100_alpha_fair_7,2026-09-01T13:22:30.634739,48,100,alpha_fair,100.0,100.0,100.0,0.801,0.281,15.67,1.66,7,0.001,,,,SIMULATION
exp_42_100_alpha_fair_8,2026-09-01T13:22:30.637194,49,100,alpha_fair,100.0,100.0,100.0,0.8105,0.2945,8.94,3.07,8,0.0024,,,,SIMULATION
exp_42_100_alpha_fair_9,2026-09-01T13:22:30.642499,50,100,alpha_fair,100.0,100.0,100.0,0.7857,0.2604,14.97,2.33,9,0.0052,,,,SIMULATION
exp_42_100_alpha_fair_10,2026-09-01T13:22:30.643710,51,100,alpha_fair,100.0,100.0,100.0,0.8284,0.2984,11.41,3.51,10,0.0011,,,,SIMULATION
exp_42_100_game_theory_1,2026-09-01T13:22:30.713154,42,100,game_theory,100.0,100.0,100.0,0.6231,0.2745,16.95,1.13,1,0.0693,7,True,True,SIMULATION
exp_42_100_game_theory_2,2026-09-01T13:22:30.771852,43,100,game_theory,100.0,100.0,100.0,0.6494,0.268,8.54,4.48,2,0.0586,7,True,True,SIMULATION
exp_42_100_game_theory_3,2026-09-01T13:22:30.832267,44,100,game_theory,100.0,100.0,100.0,0.6079,0.2764,13.72,3.71,3,0.0603,7,True,True,SIMULATION
exp_42_100_game_theory_4,2026-09-01T13:22:30.907815,45,100,game_theory,100.0,100.0,100.0,0.625,0.2772,11.81,3.44,4,0.0755,8,True,True,SIMULATION
exp_42_100_game_theory_5,2026-09-01T13:22:30.971887,46,100,game_theory,100.0,100.0,100.0,0.641,0.273,20.44,3.0,5,0.064,7,True,True,SIMULATION
exp_42_100_game_theory_6,2026-09-01T13:22:31.038520,47,100,game_theory,100.0,100.0,100.0,0.6452,0.2759,12.93,3.15,6,0.0665,8,True,True,SIMULATION
exp_42_100_game_theory_7,2026-09-01T13:22:31.114198,48,100,game_theory,100.0,100.0,100.0,0.6369,0.2733,15.67,1.66,7,0.0756,8,True,True,SIMULATION
exp_42_100_game_theory_8,2026-09-01T13:22:31.165119,49,100,game_theory,100.0,100.0,100.0,0.6515,0.2706,8.94,3.07,8,0.0508,8,True,True,SIMULATION
exp_42_100_game_theory_9,2026-09-01T13:22:31.218843,50,100,game_theory,100.0,100.0,100.0,0.6579,0.2693,14.97,2.33,9,0.0536,8,True,True,SIMULATION
exp_42_100_game_theory_10,2026-09-01T13:22:31.286059,51,100,game_theory,100.0,100.0,100.0,0.6061,0.277,11.41,3.51,10,0.0671,8,True,True,SIMULATION
exp_42_200_equal_1,2026-09-01T13:22:31.287985,42,200,equal,100.0,100.0,100.0,1.0,0.2291,16.95,1.13,1,0.0018,,,,SIMULATION
exp_42_200_equal_2,2026-09-01T13:22:31.290035,43,200,equal,100.0,100.0,100.0,1.0,0.2219,8.54,4.48,2,0.0019,,,,SIMULATION
exp_42_200_equal_3,2026-09-01T13:22:31.297894,44,200,equal,100.0,100.0,100.0,1.0,0.2283,13.72,3.71,3,0.0077,,,,SIMULATION
exp_42_200_equal_4,2026-09-01T13:22:31.300980,45,200,equal,100.0,100.0,100.0,1.0,0.2397,11.81,3.44,4,0.0029,,,,SIMULATION
exp_42_200_equal_5,2026-09-01T13:22:31.302363,46,200,equal,100.0,100.0,100.0,1.0,0.2197,20.44,3.0,5,0.0012,,,,SIMULATION
exp_42_200_equal_6,2026-09-01T13:22:31.304425,47,200,equal,100.0,100.0,100.0,1.0,0.2273,12.93,3.15,6,0.002,,,,SIMULATION
exp_42_200_equal_7,2026-09-01T13:22:31.306366,48,200,equal,100.0,100.0,100.0,1.0,0.2294,15.67,1.66,7,0.0018,,,,SIMULATION
exp_42_200_equal_8,2026-09-01T13:22:31.311334,49,200,equal,100.0,100.0,100.0,1.0,0.2353,8.94,3.07,8,0.0048,,,,SIMULATION
exp_42_200_equal_9,2026-09-01T13:22:31.313928,50,200,equal,100.0,100.0,100.0,1.0,0.2262,14.97,2.33,9,0.0024,,,,SIMULATION
exp_42_200_equal_10,2026-09-01T13:22:31.315950,51,200,equal,100.0,100.0,100.0,1.0,0.2329,11.41,3.51,10,0.0019,,,,SIMULATION
exp_42_200_proportional_1,2026-09-01T13:22:31.319042,42,200,proportional,100.0,100.0,100.0,0.7909,0.2185,16.95,1.13,1,0.003,,,,SIMULATION
exp_42_200_proportional_2,2026-09-01T13:22:31.321219,43,200,proportional,100.0,100.0,100.0,0.7785,0.2127,8.54,4.48,2,0.0021,,,,SIMULATION
exp_42_200_proportional_3,2026-09-01T13:22:31.323520,44,200,proportional,100.0,100.0,100.0,0.8003,0.2166,13.72,3.71,3,0.0022,,,,SIMULATION
exp_42_200_proportional_4,2026-09-01T13:22:31.325654,45,200,proportional,100.0,100.0,100.0,0.8309,0.2292,11.81,3.44,4,0.002,,,,SIMULATION
exp_42_200_proportional_5,2026-09-01T13:22:31.328314,46,200,proportional,100.0,100.0,100.0,0.791,0.2089,20.44,3.0,5,0.0025,,,,SIMULATION
exp_42_200_proportional_6,2026-09-01T13:22:31.330839,47,200,proportional,100.0,100.0,100.0,0.8186,0.2191,12.93,3.15,6,0.0023,,,,SIMULATION
exp_42_200_proportional_7,2026-09-01T13:22:31.333451,48,200,proportional,100.0,100.0,100.0,0.7929,0.2186,15.67,1.66,7,0.0025,,,,SIMULATION
exp_42_200_proportional_8,2026-09-01T13:22:31.336928,49,200,proportional,100.0,100.0,100.0,0.813,0.2244,8.94,3.07,8,0.0032,,,,SIMULATION
exp_42_200_proportional_9,2026-09-01T13:22:31.338768,50,200,proportional,100.0,100.0,100.0,0.8098,0.2143,14.97,2.33,9,0.0017,,,,SIMULATION
exp_42_200_proportional_10,2026-09-01T13:22:31.344733,51,200,proportional,100.0,100.0,100.0,0.8125,0.2228,11.41,3.51,10,0.0058,,,,SIMULATION
exp_42_200_priority_1,2026-09-01T13:22:31.347171,42,200,priority,100.0,100.0,100.0,0.9391,0.2337,16.95,1.13,1,0.0023,,,,SIMULATION
exp_42_200_priority_2,2026-09-01T13:22:31.348706,43,200,priority,100.0,100.0,100.0,0.9357,0.2271,8.54,4.48,2,0.0014,,,,SIMULATION
exp_42_200_priority_3,2026-09-01T13:22:31.351263,44,200,priority,100.0,100.0,100.0,0.9427,0.2312,13.72,3.71,3,0.0025,,,,SIMULATION
exp_42_200_priority_4,2026-09-01T13:22:31.353950,45,200,priority,100.0,100.0,100.0,0.9509,0.2414,11.81,3.44,4,0.0025,,,,SIMULATION
exp_42_200_priority_5,2026-09-01T13:22:31.356644,46,200,priority,100.0,100.0,100.0,0.9413,0.2219,20.44,3.0,5,0.0026,,,,SIMULATION
exp_42_200_priority_6,2026-09-01T13:22:31.361211,47,200,priority,100.0,100.0,100.0,0.9411,0.2309,12.93,3.15,6,0.0044,,,,SIMULATION
exp_42_200_priority_7,2026-09-01T13:22:31.363855,48,200,priority,100.0,100.0,100.0,0.9419,0.2335,15.67,1.66,7,0.0024,,,,SIMULATION
exp_42_200_priority_8,2026-09-01T13:22:31.365651,49,200,priority,100.0,100.0,100.0,0.9419,0.2392,8.94,3.07,8,0.0017,,,,SIMULATION
exp_42_200_priority_9,2026-09-01T13:22:31.368393,50,200,priority,100.0,100.0,100.0,0.9417,0.2294,14.97,2.33,9,0.0026,,,,SIMULATION
exp_42_200_priority_10,2026-09-01T13:22:31.370969,51,200,priority,100.0,100.0,100.0,0.944,0.2359,11.41,3.51,10,0.0024,,,,SIMULATION
exp_42_200_max_min_fairness_1,2026-09-01T13:22:31.373964,42,200,max_min_fairness,100.0,100.0,100.0,1.0,0.2291,16.95,1.13,1,0.0028,,,,SIMULATION
exp_42_200_max_min_fairness_2,2026-09-01T13:22:31.376261,43,200,max_min_fairness,100.0,100.0,100.0,1.0,0.2219,8.54,4.48,2,0.0021,,,,SIMULATION
exp_42_200_max_min_fairness_3,2026-09-01T13:22:31.378803,44,200,max_min_fairness,100.0,100.0,100.0,1.0,0.2283,13.72,3.71,3,0.0024,,,,SIMULATION
exp_42_200_max_min_fairness_4,2026-09-01T13:22:31.381028,45,200,max_min_fairness,100.0,100.0,100.0,1.0,0.2397,11.81,3.44,4,0.0021,,,,SIMULATION
exp_42_200_max_min_fairness_5,2026-09-01T13:22:31.383838,46,200,max_min_fairness,100.0,100.0,100.0,1.0,0.2197,20.44,3.0,5,0.0027,,,,SIMULATION
exp_42_200_max_min_fairness_6,2026-09-01T13:22:31.386135,47,200,max_min_fairness,100.0,100.0,100.0,1.0,0.2273,12.93,3.15,6,0.0022,,,,SIMULATION
exp_42_200_max_min_fairness_7,2026-09-01T13:22:31.388351,48,200,max_min_fairness,100.0,100.0,100.0,1.0,0.2294,15.67,1.66,7,0.0021,,,,SIMULATION
exp_42_200_max_min_fairness_8,2026-09-01T13:22:31.390565,49,200,max_min_fairness,100.0,100.0,100.0,1.0,0.2353,8.94,3.07,8,0.0021,,,,SIMULATION
exp_42_200_max_min_fairness_9,2026-09-01T13:22:31.394599,50,200,max_min_fairness,100.0,100.0,100.0,1.0,0.2262,14.97,2.33,9,0.0039,,,,SIMULATION
exp_42_200_max_min_fairness_10,2026-09-01T13:22:31.396725,51,200,max_min_fairness,100.0,100.0,100.0,1.0,0.2329,11.41,3.51,10,0.002,,,,SIMULATION
exp_42_200_alpha_fair_1,2026-09-01T13:22:31.399451,42,200,alpha_fair,100.0,100.0,100.0,0.7909,0.2185,16.95,1.13,1,0.0026,,,,SIMULATION
exp_42_200_alpha_fair_2,2026-09-01T13:22:31.402138,43,200,alpha_fair,100.0,100.0,100.0,0.7785,0.2127,8.54,4.48,2,0.0025,,,,SIMULATION
exp_42_200_alpha_fair_3,2026-09-01T13:22:31.404201,44,200,alpha_fair,100.0,100.0,100.0,0.8003,0.2166,13.72,3.71,3,0.0019,,,,SIMULATION
exp_42_200_alpha_fair_4,2026-09-01T13:22:31.406174,45,200,alpha_fair,100.0,100.0,100.0,0.8309,0.2292,11.81,3.44,4,0.0019,,,,SIMULATION
exp_42_200_alpha_fair_5,2026-09-01T13:22:31.408464,46,200,alpha_fair,100.0,100.0,100.0,0.791,0.2089,20.44,3.0,5,0.0021,,,,SIMULATION
exp_42_200_alpha_fair_6,2026-09-01T13:22:31.412212,47,200,alpha_fair,100.0,100.0,100.0,0.8186,0.2191,12.93,3.15,6,0.0035,,,,SIMULATION
exp_42_200_alpha_fair_7,2026-09-01T13:22:31.413816,48,200,alpha_fair,100.0,100.0,100.0,0.7929,0.2186,15.67,1.66,7,0.0015,,,,SIMULATION
exp_42_200_alpha_fair_8,2026-09-01T13:22:31.414999,49,200,alpha_fair,100.0,100.0,100.0,0.813,0.2244,8.94,3.07,8,0.0011,,,,SIMULATION
exp_42_200_alpha_fair_9,2026-09-01T13:22:31.416386,50,200,alpha_fair,100.0,100.0,100.0,0.8098,0.2143,14.97,2.33,9,0.0013,,,,SIMULATION
exp_42_200_alpha_fair_10,2026-09-01T13:22:31.417941,51,200,alpha_fair,100.0,100.0,100.0,0.8125,0.2228,11.41,3.51,10,0.0015,,,,SIMULATION
exp_42_200_game_theory_1,2026-09-01T13:22:31.564259,42,200,game_theory,100.0,100.0,100.0,0.3115,0.1372,16.95,1.13,1,0.1462,7,True,True,SIMULATION
exp_42_200_game_theory_2,2026-09-01T13:22:31.689692,43,200,game_theory,100.0,100.0,100.0,0.3247,0.134,8.54,4.48,2,0.1253,7,True,True,SIMULATION
exp_42_200_game_theory_3,2026-09-01T13:22:31.794850,44,200,game_theory,100.0,100.0,100.0,0.304,0.1382,13.72,3.71,3,0.1051,7,True,True,SIMULATION
exp_42_200_game_theory_4,2026-09-01T13:22:31.934324,45,200,game_theory,100.0,100.0,100.0,0.3125,0.1386,11.81,3.44,4,0.1394,8,True,True,SIMULATION
exp_42_200_game_theory_5,2026-09-01T13:22:32.087677,46,200,game_theory,100.0,100.0,100.0,0.3205,0.1365,20.44,3.0,5,0.1532,7,True,True,SIMULATION
exp_42_200_game_theory_6,2026-09-01T13:22:32.220489,47,200,game_theory,100.0,100.0,100.0,0.3226,0.138,12.93,3.15,6,0.1327,8,True,True,SIMULATION
exp_42_200_game_theory_7,2026-09-01T13:22:32.344801,48,200,game_theory,100.0,100.0,100.0,0.3185,0.1367,15.67,1.66,7,0.1242,8,True,True,SIMULATION
exp_42_200_game_theory_8,2026-09-01T13:22:32.458384,49,200,game_theory,100.0,100.0,100.0,0.3257,0.1353,8.94,3.07,8,0.1135,8,True,True,SIMULATION
exp_42_200_game_theory_9,2026-09-01T13:22:32.578667,50,200,game_theory,100.0,100.0,100.0,0.3289,0.1346,14.97,2.33,9,0.1201,8,True,True,SIMULATION
exp_42_200_game_theory_10,2026-09-01T13:22:32.691583,51,200,game_theory,100.0,100.0,100.0,0.303,0.1385,11.41,3.51,10,0.1128,8,True,True,SIMULATION
exp_42_373_equal_1,2026-09-01T13:22:32.694541,42,373,equal,100.0,100.0,100.0,1.0,0.1489,16.95,1.13,1,0.0028,,,,SIMULATION
exp_42_373_equal_2,2026-09-01T13:22:32.697679,43,373,equal,100.0,100.0,100.0,1.0,0.1451,8.54,4.48,2,0.003,,,,SIMULATION
exp_42_373_equal_3,2026-09-01T13:22:32.699515,44,373,equal,100.0,100.0,100.0,1.0,0.1476,13.72,3.71,3,0.0017,,,,SIMULATION
exp_42_373_equal_4,2026-09-01T13:22:32.701352,45,373,equal,100.0,100.0,100.0,1.0,0.1529,11.81,3.44,4,0.0017,,,,SIMULATION
exp_42_373_equal_5,2026-09-01T13:22:32.705110,46,373,equal,100.0,100.0,100.0,1.0,0.1445,20.44,3.0,5,0.0037,,,,SIMULATION
exp_42_373_equal_6,2026-09-01T13:22:32.706963,47,373,equal,100.0,100.0,100.0,1.0,0.1485,12.93,3.15,6,0.0018,,,,SIMULATION
exp_42_373_equal_7,2026-09-01T13:22:32.712750,48,373,equal,100.0,100.0,100.0,1.0,0.1513,15.67,1.66,7,0.0057,,,,SIMULATION
exp_42_373_equal_8,2026-09-01T13:22:32.714454,49,373,equal,100.0,100.0,100.0,1.0,0.1542,8.94,3.07,8,0.0016,,,,SIMULATION
exp_42_373_equal_9,2026-09-01T13:22:32.716473,50,373,equal,100.0,100.0,100.0,1.0,0.1472,14.97,2.33,9,0.002,,,,SIMULATION
exp_42_373_equal_10,2026-09-01T13:22:32.718029,51,373,equal,100.0,100.0,100.0,1.0,0.1517,11.41,3.51,10,0.0015,,,,SIMULATION
exp_42_373_proportional_1,2026-09-01T13:22:32.719606,42,373,proportional,100.0,100.0,100.0,0.7991,0.145,16.95,1.13,1,0.0015,,,,SIMULATION
exp_42_373_proportional_2,2026-09-01T13:22:32.721138,43,373,proportional,100.0,100.0,100.0,0.7838,0.1427,8.54,4.48,2,0.0015,,,,SIMULATION
exp_42_373_proportional_3,2026-09-01T13:22:32.722719,44,373,proportional,100.0,100.0,100.0,0.7901,0.1436,13.72,3.71,3,0.0015,,,,SIMULATION
exp_42_373_proportional_4,2026-09-01T13:22:32.725284,45,373,proportional,100.0,100.0,100.0,0.8172,0.1494,11.81,3.44,4,0.0025,,,,SIMULATION
exp_42_373_proportional_5,2026-09-01T13:22:32.728085,46,373,proportional,100.0,100.0,100.0,0.7982,0.1419,20.44,3.0,5,0.0027,,,,SIMULATION
exp_42_373_proportional_6,2026-09-01T13:22:32.730647,47,373,proportional,100.0,100.0,100.0,0.8097,0.1452,12.93,3.15,6,0.0025,,,,SIMULATION
exp_42_373_proportional_7,2026-09-01T13:22:32.733490,48,373,proportional,100.0,100.0,100.0,0.7985,0.1479,15.67,1.66,7,0.0027,,,,SIMULATION
exp_42_373_proportional_8,2026-09-01T13:22:32.736521,49,373,proportional,100.0,100.0,100.0,0.8062,0.1507,8.94,3.07,8,0.0029,,,,SIMULATION
exp_42_373_proportional_9,2026-09-01T13:22:32.739421,50,373,proportional,100.0,100.0,100.0,0.8196,0.1428,14.97,2.33,9,0.0027,,,,SIMULATION
exp_42_373_proportional_10,2026-09-01T13:22:32.743810,51,373,proportional,100.0,100.0,100.0,0.8082,0.1472,11.41,3.51,10,0.0042,,,,SIMULATION
exp_42_373_priority_1,2026-09-01T13:22:32.746358,42,373,priority,100.0,100.0,100.0,0.9411,0.1531,16.95,1.13,1,0.0024,,,,SIMULATION
exp_42_373_priority_2,2026-09-01T13:22:32.748290,43,373,priority,100.0,100.0,100.0,0.9365,0.1494,8.54,4.48,2,0.0019,,,,SIMULATION
exp_42_373_priority_3,2026-09-01T13:22:32.750501,44,373,priority,100.0,100.0,100.0,0.9417,0.1511,13.72,3.71,3,0.0021,,,,SIMULATION
exp_42_373_priority_4,2026-09-01T13:22:32.752774,45,373,priority,100.0,100.0,100.0,0.9473,0.1562,11.81,3.44,4,0.0021,,,,SIMULATION
exp_42_373_priority_5,2026-09-01T13:22:32.755076,46,373,priority,100.0,100.0,100.0,0.9422,0.1476,20.44,3.0,5,0.0022,,,,SIMULATION
exp_42_373_priority_6,2026-09-01T13:22:32.757573,47,373,priority,100.0,100.0,100.0,0.9428,0.1521,12.93,3.15,6,0.0024,,,,SIMULATION
exp_42_373_priority_7,2026-09-01T13:22:32.761951,48,373,priority,100.0,100.0,100.0,0.9446,0.1553,15.67,1.66,7,0.0042,,,,SIMULATION
exp_42_373_priority_8,2026-09-01T13:22:32.766103,49,373,priority,100.0,100.0,100.0,0.9452,0.1583,8.94,3.07,8,0.004,,,,SIMULATION
exp_42_373_priority_9,2026-09-01T13:22:32.769818,50,373,priority,100.0,100.0,100.0,0.9439,0.1507,14.97,2.33,9,0.0036,,,,SIMULATION
exp_42_373_priority_10,2026-09-01T13:22:32.773891,51,373,priority,100.0,100.0,100.0,0.9461,0.1548,11.41,3.51,10,0.0039,,,,SIMULATION
exp_42_373_max_min_fairness_1,2026-09-01T13:22:32.777444,42,373,max_min_fairness,100.0,100.0,100.0,1.0,0.1489,16.95,1.13,1,0.0034,,,,SIMULATION
exp_42_373_max_min_fairness_2,2026-09-01T13:22:32.780659,43,373,max_min_fairness,100.0,100.0,100.0,1.0,0.1451,8.54,4.48,2,0.0031,,,,SIMULATION
exp_42_373_max_min_fairness_3,2026-09-01T13:22:32.784144,44,373,max_min_fairness,100.0,100.0,100.0,1.0,0.1476,13.72,3.71,3,0.0034,,,,SIMULATION
exp_42_373_max_min_fairness_4,2026-09-01T13:22:32.787675,45,373,max_min_fairness,100.0,100.0,100.0,1.0,0.1529,11.81,3.44,4,0.0034,,,,SIMULATION
exp_42_373_max_min_fairness_5,2026-09-01T13:22:32.792254,46,373,max_min_fairness,100.0,100.0,100.0,1.0,0.1445,20.44,3.0,5,0.0044,,,,SIMULATION
exp_42_373_max_min_fairness_6,2026-09-01T13:22:32.794906,47,373,max_min_fairness,100.0,100.0,100.0,1.0,0.1485,12.93,3.15,6,0.0025,,,,SIMULATION
exp_42_373_max_min_fairness_7,2026-09-01T13:22:32.796663,48,373,max_min_fairness,100.0,100.0,100.0,1.0,0.1513,15.67,1.66,7,0.0017,,,,SIMULATION
exp_42_373_max_min_fairness_8,2026-09-01T13:22:32.798514,49,373,max_min_fairness,100.0,100.0,100.0,1.0,0.1542,8.94,3.07,8,0.0018,,,,SIMULATION
exp_42_373_max_min_fairness_9,2026-09-01T13:22:32.800799,50,373,max_min_fairness,100.0,100.0,100.0,1.0,0.1472,14.97,2.33,9,0.0022,,,,SIMULATION
exp_42_373_max_min_fairness_10,2026-09-01T13:22:32.804031,51,373,max_min_fairness,100.0,100.0,100.0,1.0,0.1517,11.41,3.51,10,0.0031,,,,SIMULATION
exp_42_373_alpha_fair_1,2026-09-01T13:22:32.808265,42,373,alpha_fair,100.0,100.0,100.0,0.7991,0.145,16.95,1.13,1,0.0041,,,,SIMULATION
exp_42_373_alpha_fair_2,2026-09-01T13:22:32.811148,43,373,alpha_fair,100.0,100.0,100.0,0.7838,0.1427,8.54,4.48,2,0.0027,,,,SIMULATION
exp_42_373_alpha_fair_3,2026-09-01T13:22:32.813013,44,373,alpha_fair,100.0,100.0,100.0,0.7901,0.1436,13.72,3.71,3,0.0018,,,,SIMULATION
exp_42_373_alpha_fair_4,2026-09-01T13:22:32.814923,45,373,alpha_fair,100.0,100.0,100.0,0.8172,0.1494,11.81,3.44,4,0.0018,,,,SIMULATION
exp_42_373_alpha_fair_5,2026-09-01T13:22:32.816590,46,373,alpha_fair,100.0,100.0,100.0,0.7982,0.1419,20.44,3.0,5,0.0016,,,,SIMULATION
exp_42_373_alpha_fair_6,2026-09-01T13:22:32.818227,47,373,alpha_fair,100.0,100.0,100.0,0.8097,0.1452,12.93,3.15,6,0.0016,,,,SIMULATION
exp_42_373_alpha_fair_7,2026-09-01T13:22:32.820023,48,373,alpha_fair,100.0,100.0,100.0,0.7985,0.1479,15.67,1.66,7,0.0017,,,,SIMULATION
exp_42_373_alpha_fair_8,2026-09-01T13:22:32.821727,49,373,alpha_fair,100.0,100.0,100.0,0.8062,0.1507,8.94,3.07,8,0.0016,,,,SIMULATION
exp_42_373_alpha_fair_9,2026-09-01T13:22:32.823674,50,373,alpha_fair,100.0,100.0,100.0,0.8196,0.1428,14.97,2.33,9,0.0018,,,,SIMULATION
exp_42_373_alpha_fair_10,2026-09-01T13:22:32.827249,51,373,alpha_fair,100.0,100.0,100.0,0.8082,0.1472,11.41,3.51,10,0.0032,,,,SIMULATION
exp_42_373_game_theory_1,2026-09-01T13:22:33.374931,42,373,game_theory,100.0,100.0,100.0,0.167,0.0736,16.95,1.13,1,0.5475,7,True,True,SIMULATION
exp_42_373_game_theory_2,2026-09-01T13:22:34.026066,43,373,game_theory,100.0,100.0,100.0,0.1741,0.0719,8.54,4.48,2,0.6505,7,True,True,SIMULATION
exp_42_373_game_theory_3,2026-09-01T13:22:34.543299,44,373,game_theory,100.0,100.0,100.0,0.163,0.0741,13.72,3.71,3,0.5171,7,True,True,SIMULATION
exp_42_373_game_theory_4,2026-09-01T13:22:35.008855,45,373,game_theory,100.0,100.0,100.0,0.1676,0.0743,11.81,3.44,4,0.4653,8,True,True,SIMULATION
exp_42_373_game_theory_5,2026-09-01T13:22:35.411969,46,373,game_theory,100.0,100.0,100.0,0.1719,0.0732,20.44,3.0,5,0.403,7,True,True,SIMULATION
exp_42_373_game_theory_6,2026-09-01T13:22:35.729798,47,373,game_theory,100.0,100.0,100.0,0.173,0.074,12.93,3.15,6,0.3177,8,True,True,SIMULATION
exp_42_373_game_theory_7,2026-09-01T13:22:36.027973,48,373,game_theory,100.0,100.0,100.0,0.1708,0.0733,15.67,1.66,7,0.298,8,True,True,SIMULATION
exp_42_373_game_theory_8,2026-09-01T13:22:36.282227,49,373,game_theory,100.0,100.0,100.0,0.1747,0.0725,8.94,3.07,8,0.2542,8,True,True,SIMULATION
exp_42_373_game_theory_9,2026-09-01T13:22:36.526262,50,373,game_theory,100.0,100.0,100.0,0.1764,0.0722,14.97,2.33,9,0.244,8,True,True,SIMULATION
exp_42_373_game_theory_10,2026-09-01T13:22:36.817725,51,373,game_theory,100.0,100.0,100.0,0.1625,0.0743,11.41,3.51,10,0.2914,8,True,True,SIMULATION
